Workbook

Sheet 数据模板
A1: record_id | B1: order_no | C1: region | D1: category | E1: quantity | F1: unit_price | G1: discount_rate | H1: owner | I1: amount | J1: status
I2: =E2*F2*(1-IFERROR(G2,0))
I3: =E3*F3*(1-IFERROR(G3,0))
I4: =E4*F4*(1-IFERROR(G4,0))
I5: =E5*F5*(1-IFERROR(G5,0))
I6: =E6*F6*(1-IFERROR(G6,0))
I7: =E7*F7*(1-IFERROR(G7,0))
I8: =E8*F8*(1-IFERROR(G8,0))
I9: =E9*F9*(1-IFERROR(G9,0))
I10: =E10*F10*(1-IFERROR(G10,0))
I11: =E11*F11*(1-IFERROR(G11,0))
I12: =E12*F12*(1-IFERROR(G12,0))
I13: =E13*F13*(1-IFERROR(G13,0))
... I121: =E121*F121*(1-IFERROR(G121,0))

Sheet 区域字典
A1: region | B1: region_level
A2: 华东 | B2: 核心区域
A3: 华南 | B3: 成长区域
A4: 华北 | B4: 核心区域
A5: 西南 | B5: 成长区域

Sheet 汇总
A1: region | B1: net_total | C1: level
A2: 华东 | B2: =SUMIF(数据模板!C$2:C$121,A1,数据模板!I$2:I$121) | C2: =IFERROR(VLOOKUP(A1,区域字典!$A:$B,2,FALSE),"未知")
A3: 华南 | B3: =SUMIF(数据模板!C$2:C$121,A2,数据模板!I$2:I$121) | C3: =IFERROR(VLOOKUP(A2,区域字典!$A:$B,2,FALSE),"未知")
A4: 华北 | B4: =SUMIF(数据模板!C$2:C$121,A3,数据模板!I$2:I$121) | C4: =IFERROR(VLOOKUP(A3,区域字典!$A:$B,2,FALSE),"未知")
A5: 西南 | B5: =SUMIF(数据模板!C$2:C$121,A4,数据模板!I$2:I$121) | C5: =IFERROR(VLOOKUP(A4,区域字典!$A:$B,2,FALSE),"未知")
