Workbook

Sheet 销售明细
A1: record_id | B1: order_no | C1: customer_name | D1: region | E1: category | F1: order_date | G1: quantity | H1: unit_price | I1: discount_rate | J1: sales_owner | K1: gross_amount | L1: discount_amount | M1: net_amount | N1: risk_level | O1: remark
K2: =G2*H2 | L2: =K2*IFERROR(I2,0) | M2: =K2-L2 | N2: =IF(OR(G2=0,I2>0.15),"复核","正常")
K3: =G3*H3 | L3: =K3*IFERROR(I3,0) | M3: =K3-L3 | N3: =IF(OR(G3=0,I3>0.15),"复核","正常")
K4: =G4*H4 | L4: =K4*IFERROR(I4,0) | M4: =K4-L4 | N4: =IF(OR(G4=0,I4>0.15),"复核","正常")
K5: =G5*H5 | L5: =K5*IFERROR(I5,0) | M5: =K5-L5 | N5: =IF(OR(G5=0,I5>0.15),"复核","正常")
K6: =G6*H6 | L6: =K6*IFERROR(I6,0) | M6: =K6-L6 | N6: =IF(OR(G6=0,I6>0.15),"复核","正常")
K7: =G7*H7 | L7: =K7*IFERROR(I7,0) | M7: =K7-L7 | N7: =IF(OR(G7=0,I7>0.15),"复核","正常")
K8: =G8*H8 | L8: =K8*IFERROR(I8,0) | M8: =K8-L8 | N8: =IF(OR(G8=0,I8>0.15),"复核","正常")
K9: =G9*H9 | L9: =K9*IFERROR(I9,0) | M9: =K9-L9 | N9: =IF(OR(G9=0,I9>0.15),"复核","正常")
K10: =G10*H10 | L10: =K10*IFERROR(I10,0) | M10: =K10-L10 | N10: =IF(OR(G10=0,I10>0.15),"复核","正常")
K11: =G11*H11 | L11: =K11*IFERROR(I11,0) | M11: =K11-L11 | N11: =IF(OR(G11=0,I11>0.15),"复核","正常")
K12: =G12*H12 | L12: =K12*IFERROR(I12,0) | M12: =K12-L12 | N12: =IF(OR(G12=0,I12>0.15),"复核","正常")
K13: =G13*H13 | L13: =K13*IFERROR(I13,0) | M13: =K13-L13 | N13: =IF(OR(G13=0,I13>0.15),"复核","正常")
... K201: =G201*H201 | L201: =K201*IFERROR(I201,0) | M201: =K201-L201 | N201: =IF(OR(G201=0,I201>0.15),"复核","正常")

Sheet 汇总
A1: region | B1: total_net_amount | C1: order_count
A2: 华东 | B2: =SUMIF(销售明细!D$2:D$201,A2,销售明细!M$2:M$201) | C2: =COUNTIF(销售明细!D$2:D$201,A2)
A3: 华南 | B3: =SUMIF(销售明细!D$2:D$201,A3,销售明细!M$2:M$201) | C3: =COUNTIF(销售明细!D$2:D$201,A3)
A4: 华北 | B4: =SUMIF(销售明细!D$2:D$201,A4,销售明细!M$2:M$201) | C4: =COUNTIF(销售明细!D$2:D$201,A4)
A5: 西南 | B5: =SUMIF(销售明细!D$2:D$201,A5,销售明细!M$2:M$201) | C5: =COUNTIF(销售明细!D$2:D$201,A5)
A6: 西北 | B6: =SUMIF(销售明细!D$2:D$201,A6,销售明细!M$2:M$201) | C6: =COUNTIF(销售明细!D$2:D$201,A6)
